{
    "train_loss": [
        0.7115163942569582,
        0.696283934481919,
        0.6743213983959165,
        0.6591097693248041,
        0.6391111500010702,
        0.6238485070156493,
        0.6064275186050114,
        0.5933794263621857,
        0.5882030249082396,
        0.5863792998486845
    ],
    "train_acc": [
        0.868746990272561,
        0.8671289608013099,
        0.8728691129731292,
        0.8720215737262833,
        0.8783395935664067,
        0.8784359048444573,
        0.8798420495039969,
        0.8797842627371665,
        0.8814215544640277,
        0.8820957334103824
    ],
    "val_loss": [
        0.9114557491554008,
        0.9118302274536301,
        0.9097947845092187,
        0.9370055437743009,
        0.9436382657879001,
        0.9545899266070061,
        0.9499625660642818,
        0.974064846615215,
        0.9777273236067741,
        0.9734330196957012
    ],
    "val_acc": [
        0.8537008146992546,
        0.8797018547408563,
        0.858554342173687,
        0.8597677240422951,
        0.8713815219275438,
        0.8663546541861674,
        0.859074362974519,
        0.8609811059109032,
        0.8646212515167273,
        0.8656612931183914
    ]
}