{
    "train_loss": [
        1.2945149976418706,
        0.5643027386081528,
        0.5049683952502774,
        0.47363219354123326,
        0.44681600403300553,
        0.4378249103205964,
        0.429602645317197,
        0.4142371843831433,
        0.4164906971605059,
        0.4154338423065872
    ],
    "train_acc": [
        0.7050917107206301,
        0.7116837531836568,
        0.7120904051537786,
        0.7266014596665454,
        0.7317809216017807,
        0.7324230036598677,
        0.738051923035764,
        0.7436166342058516,
        0.7397641418573294,
        0.7422040536780601
    ],
    "val_macro_f1": [
        0.4822381624791216,
        0.5168372600544001,
        0.5287454520297017,
        0.5247449951573054,
        0.5325543280520979,
        0.5337812012097156,
        0.5471361793735614,
        0.5412201116639601,
        0.5505203636563174,
        0.5527747408809178
    ],
    "val_weighted_f1": [
        0.7943760044295459,
        0.8085728470997634,
        0.8153746324128269,
        0.8144846568745421,
        0.8264177265712045,
        0.8210571593633512,
        0.8281257309400957,
        0.8236134013789906,
        0.8320480839351715,
        0.8340344401534752
    ]
}