{
    "train_loss": [
        0.5361142767275252,
        0.49700121399832936,
        0.48834069182233114,
        0.47162563590014855,
        0.4429984036378744,
        0.4653792726557429,
        0.428784476002542,
        0.4271570894776321,
        0.42872430765774194,
        0.4270463882059586
    ],
    "train_acc": [
        0.8946253130418031,
        0.9005971874397997,
        0.8952032363706415,
        0.8967443652475439,
        0.9000192641109612,
        0.892891543055288,
        0.9050279329608939,
        0.9052205740705066,
        0.8992486996725101,
        0.9032941629743787
    ],
    "val_loss": [
        0.9747762724757194,
        1.3398712515830993,
        0.9704390272498131,
        0.9199534647166729,
        0.9612971100956201,
        1.0019393414258957,
        0.9685970477759838,
        0.9697042755782604,
        1.002314841747284,
        1.3817869663238525
    ],
    "val_acc": [
        0.8613518197573656,
        0.8596187175043327,
        0.8578856152512998,
        0.8596187175043327,
        0.8717504332755632,
        0.8717504332755632,
        0.8717504332755632,
        0.8752166377816292,
        0.8717504332755632,
        0.8734835355285961
    ]
}