{
    "train_loss": [
        1.0950685768771025,
        0.9625534418901783,
        0.8949284462109666,
        0.8055901439643345,
        0.7412625990030955,
        0.6803953702464426,
        0.6502709898846281,
        0.6415939523032838,
        0.6131287902776449,
        0.6088719377122773
    ],
    "train_acc": [
        0.5523020612598729,
        0.6266615295704103,
        0.6649971103833558,
        0.6990945867848198,
        0.7366596031593142,
        0.7634367173954922,
        0.7659410518204585,
        0.7726834906569062,
        0.7896359083028318,
        0.7844345983432864
    ],
    "val_loss": [
        1.3476241858381974,
        1.4739778731998645,
        1.2682919972821285,
        1.484765306899422,
        1.4418246777434098,
        1.3837013056403713,
        1.5095930256341632,
        1.4413838559075405,
        1.4994489613332247,
        1.4329067311788861
    ],
    "val_acc": [
        0.4072790294627383,
        0.4090121317157712,
        0.5216637781629117,
        0.4662045060658579,
        0.44194107452339687,
        0.44714038128249567,
        0.48180242634315423,
        0.512998266897747,
        0.5407279029462738,
        0.5043327556325823
    ]
}