{
    "train_loss": [
        0.3640117713409226,
        0.32313992646409245,
        0.31360755788116923,
        0.28227101902409296,
        0.2721695044055218,
        0.27834699103018135,
        0.2621217600819541,
        0.25565161901276284,
        0.25397826703946763,
        0.2613746140424798
    ],
    "train_acc": [
        0.89096513195916,
        0.8979002119052206,
        0.8996339818917357,
        0.909458678481988,
        0.9215950683875939,
        0.9086881140435369,
        0.9136967828934695,
        0.9156231939895974,
        0.9225582739356579,
        0.9214024272779812
    ],
    "val_loss": [
        0.28323858343064784,
        0.3111172579228878,
        0.29117937237024305,
        0.2635442194994539,
        0.2762582078576088,
        0.2927749574184418,
        0.28783322162926195,
        0.29072304591536524,
        0.29767083525657656,
        0.28374910829588773
    ],
    "val_acc": [
        0.8977469670710572,
        0.9237435008665511,
        0.9064124783362218,
        0.925476603119584,
        0.9220103986135182,
        0.9202772963604853,
        0.9237435008665511,
        0.9237435008665511,
        0.9237435008665511,
        0.9237435008665511
    ]
}