{
    "train_loss": [
        0.9098106147400264,
        0.8802089793928738,
        0.8541864127911664,
        0.8313008805580915,
        0.8160977971194119,
        0.7969468266065485,
        0.7810727603403218,
        0.7652492711109481,
        0.760195229808098,
        0.757755895626956
    ],
    "train_acc": [
        0.8329191948377155,
        0.8415486853510546,
        0.8477126071462968,
        0.8528748916498122,
        0.8552634113454686,
        0.8550515265337572,
        0.8572666859289223,
        0.8604834826158143,
        0.8621015120870654,
        0.8613502841182703
    ],
    "val_loss": [
        0.8339324625475066,
        0.8552336499586211,
        0.8424665511964442,
        0.846668174633613,
        0.841741694853856,
        0.8265859838370438,
        0.8532840991085702,
        0.8357983261019319,
        0.8366097634310251,
        0.8557548539324121
    ],
    "val_acc": [
        0.858034321372855,
        0.8673946957878315,
        0.8739816259317039,
        0.8651412723175593,
        0.8660079736522794,
        0.8523140925637025,
        0.8689547581903276,
        0.8642745709828393,
        0.8575143005720229,
        0.8637545501820073
    ]
}