{
    "train_loss": [
        0.8134586959163104,
        0.5830076834175484,
        0.5465806972212587
    ],
    "train_acc": [
        0.7692159506838759,
        0.8295126179926796,
        0.8387593912540936
    ],
    "val_loss": [
        0.7535995935138903,
        0.5137991070943443,
        0.5017691652633642
    ],
    "val_acc": [
        0.8249566724436742,
        0.830155979202773,
        0.8336221837088388
    ]
}