{
    "train_loss": [
        0.7892731385973265,
        0.7299087775765725,
        0.6998169922603751
    ],
    "train_acc": [
        0.7395555555555555,
        0.7561481481481481,
        0.7638518518518519
    ],
    "val_loss": [
        0.8475147187709808,
        0.8288818101088206,
        0.8208871334791183
    ],
    "val_acc": [
        0.6968085106382979,
        0.7047872340425532,
        0.7074468085106383
    ]
}