{
    "train_loss": [
        0.808562514258594,
        0.7523082712801491,
        0.7416850811824566,
        0.7319261319026714,
        0.7015377046858392,
        0.6957825120629334,
        0.6819157306014038,
        0.6604632266410967,
        0.6515729783511743,
        0.6876519922076202
    ],
    "train_acc": [
        0.855904450009632,
        0.8551338855711809,
        0.8632248121749181,
        0.8691966865729147,
        0.8759391254093624,
        0.8769023309574263,
        0.8767096898478135,
        0.8751685609709112,
        0.875361202080524,
        0.8695819687921402
    ],
    "val_loss": [
        0.8030372478067875,
        0.8444950371980667,
        0.8279498409479856,
        0.8203268161742017,
        0.8211329877376556,
        0.8139681361615658,
        0.8536277454346418,
        1.136560469865799,
        1.1093051314353943,
        0.9319202393293381
    ],
    "val_acc": [
        0.8561525129982669,
        0.8769497400346621,
        0.8734835355285961,
        0.8630849220103987,
        0.8752166377816292,
        0.8648180242634316,
        0.8734835355285961,
        0.8734835355285961,
        0.8717504332755632,
        0.8734835355285961
    ]
}