{
    "train_loss": [
        0.8298733169442327,
        0.8164583286041109,
        0.7867551724531968,
        0.7597811819590958,
        0.7509218904331987,
        0.7216729369253067,
        0.7215771277072688,
        0.6986083161691433,
        0.6989299755708631,
        0.6921426017442948
    ],
    "train_acc": [
        0.8525281710488298,
        0.8542810363093518,
        0.8583068477318694,
        0.8622941346431667,
        0.8608687277280169,
        0.8654724068188385,
        0.8674178946354618,
        0.8690166618511027,
        0.8696523162862371,
        0.8707310026004045
    ],
    "val_loss": [
        0.8361946630936402,
        0.8328981134262714,
        0.8384921419751513,
        0.8520346644160511,
        0.8569299778440497,
        0.8638247369409917,
        0.8632344773837498,
        0.8863855511932582,
        0.8650805637404159,
        0.8616356381348201
    ],
    "val_acc": [
        0.8679147165886636,
        0.8384468712081816,
        0.8658346333853354,
        0.859074362974519,
        0.8660079736522794,
        0.8715548621944877,
        0.8670480152539435,
        0.8679147165886636,
        0.8679147165886636,
        0.8670480152539435
    ]
}