{
    "train_loss": [
        0.9089816666088222,
        0.7744441441963056,
        0.6655649423964916,
        0.562363671196019,
        0.4947053501211061,
        0.43335135198809616,
        0.41413486223279333,
        0.3981142470990222,
        0.3794992891557378,
        0.37270139240048417
    ],
    "train_acc": [
        0.41244461568098634,
        0.46580620304372955,
        0.5210942015026007,
        0.5507609323829705,
        0.5837025621267579,
        0.607590059718744,
        0.6193411674051242,
        0.626083606241572,
        0.628780581776151,
        0.6441918705451743
    ],
    "val_loss": [
        1.0951866899666034,
        1.1979460935843618,
        1.2858686713795913,
        1.4173093751857155,
        1.4413118487910221,
        1.8384962301505239,
        1.7862761993157237,
        1.8780648206409656,
        1.6699873334483097,
        1.669078660638709
    ],
    "val_acc": [
        0.34488734835355284,
        0.3327556325823224,
        0.32582322357019067,
        0.30155979202772965,
        0.28422876949740034,
        0.3119584055459272,
        0.3379549393414211,
        0.29636048526863085,
        0.32582322357019067,
        0.3362218370883882
    ]
}