{
    "train_loss": [
        0.9995459117041043,
        0.92990894624792,
        0.8694844458000791
    ],
    "train_acc": [
        0.3613947216335966,
        0.40916971681756886,
        0.4313234444230399
    ],
    "val_loss": [
        1.1797158874963458,
        1.1638815559838946,
        1.16383369345414
    ],
    "val_acc": [
        0.3830155979202773,
        0.3292894280762565,
        0.32582322357019067
    ]
}