{
    "train_loss": [
        1.1839699730551316,
        1.0818131800078175,
        1.0453174410422155
    ],
    "train_acc": [
        0.31053746869581966,
        0.3257561163552302,
        0.348102485070314
    ],
    "val_loss": [
        1.1543887477172048,
        1.075422349729036,
        1.0641683779264752
    ],
    "val_acc": [
        0.341421143847487,
        0.3934142114384749,
        0.36741767764298094
    ]
}