{
    "train_loss": [
        1.2713197339897506,
        1.1375759079412449,
        1.0162183330651442,
        0.9854706637332776,
        0.957107788031818,
        0.8877495568405631,
        0.8689720371018158,
        0.8737429747917901,
        0.8788898877936638,
        0.863066354595079
    ],
    "train_acc": [
        0.7214946070878274,
        0.7255392912172574,
        0.7598228043143297,
        0.761748844375963,
        0.7490369799691834,
        0.7638674884437596,
        0.7659861325115562,
        0.7708012326656395,
        0.7717642526964561,
        0.7681047765793528
    ],
    "val_loss": [
        1.3403103092783375,
        1.2816748789658672,
        1.2642547966618287,
        1.2568211006490808,
        1.2064446571626162,
        1.2256508814661127,
        1.2376198070613962,
        1.1772454663326866,
        1.1679947847794545,
        1.1564056261589652
    ],
    "val_acc": [
        0.75736568457539,
        0.7504332755632582,
        0.7764298093587522,
        0.7729636048526863,
        0.7677642980935875,
        0.7746967071057193,
        0.7764298093587522,
        0.7833622183708839,
        0.7833622183708839,
        0.7816291161178509
    ]
}