{
    "train_loss": [
        0.5268014527675582,
        0.5281380345908607,
        0.508564273213468,
        0.5024081314118897,
        0.4755533506594053,
        0.4726734937327664,
        0.4729363425839238,
        0.4509426768778301,
        0.4381263050727728,
        0.4484606974008607
    ],
    "train_acc": [
        0.8849932575611635,
        0.8971296474667694,
        0.8817183586977461,
        0.889231361972645,
        0.9004045463301869,
        0.8917356963976113,
        0.9021383163167019,
        0.8971296474667694,
        0.898478135234059,
        0.8925062608360624
    ],
    "val_loss": [
        0.9722883637994528,
        0.924089303612709,
        1.0095677375793457,
        0.9524430006742477,
        0.9535138979554176,
        0.9243540413677692,
        0.8690672524273395,
        0.9742144554853439,
        0.908835994079709,
        1.0647792220115662
    ],
    "val_acc": [
        0.8769497400346621,
        0.8648180242634316,
        0.8717504332755632,
        0.8717504332755632,
        0.8596187175043327,
        0.8665511265164645,
        0.8630849220103987,
        0.8648180242634316,
        0.8665511265164645,
        0.8648180242634316
    ]
}