{
    "train_loss": [
        0.4385992068706489,
        0.415269111714712,
        0.4087649781892939,
        0.4061106626943844,
        0.37614261667902876,
        0.36909707753760057,
        0.36663430529396707,
        0.3645329144669742,
        0.34144735717918817,
        0.341580917195576
    ],
    "train_acc": [
        0.8982854941244461,
        0.9075322673858601,
        0.8980928530148333,
        0.9081101907146986,
        0.9106145251396648,
        0.9069543440570218,
        0.9109998073588904,
        0.9102292429204393,
        0.9096513195916008,
        0.9133115006742439
    ],
    "val_loss": [
        0.905681861937046,
        0.9876489251852035,
        0.9555271309800446,
        0.9931331753730774,
        0.9679464563727379,
        1.0036511432379485,
        1.0222317440435291,
        1.0645141642540694,
        1.0348222764208912,
        1.0444673731923104
    ],
    "val_acc": [
        0.8648180242634316,
        0.8700173310225303,
        0.8717504332755632,
        0.8804159445407279,
        0.8630849220103987,
        0.8752166377816292,
        0.8630849220103987,
        0.8665511265164645,
        0.8700173310225303,
        0.8700173310225303
    ]
}