{
    "train_loss": [
        1.0543290144935362,
        0.9862436354772266,
        0.9412684818292464,
        0.9190219530579491,
        0.8816696673244095,
        0.8595958873068609,
        0.8363326441784741,
        0.8351294176167287,
        0.8162426346177356,
        0.8192206975595336
    ],
    "train_acc": [
        0.7450934229394517,
        0.7632001369775058,
        0.7762130000214027,
        0.7817563084562207,
        0.790895276416326,
        0.7949189906470047,
        0.7991567322303791,
        0.7978083599083963,
        0.8052779145174753,
        0.8001198553175096
    ],
    "val_loss": [
        0.9679858169855515,
        0.9620477171397648,
        0.9299817363177341,
        0.9375648666744584,
        0.9406172188878791,
        0.9698820925929064,
        0.955917117054477,
        0.9536759490432914,
        0.9607941764264019,
        0.9675197802438327
    ],
    "val_acc": [
        0.8295454545454546,
        0.7912172573189522,
        0.8170261941448382,
        0.8206856702619415,
        0.7919876733436055,
        0.8226117103235747,
        0.814522342064715,
        0.8091294298921418,
        0.8054699537750385,
        0.8170261941448382
    ]
}