{
    "train_loss": [
        0.7670307482888059,
        0.7325309504096101,
        0.7161278099548526,
        0.6836317359674268,
        0.6585618322942315,
        0.6446987028892447,
        0.6417820304632187,
        0.6200449721115392,
        0.6272214004179326,
        0.6109772151926669
    ],
    "train_acc": [
        0.8705451743402042,
        0.8501252167212483,
        0.8701598921209787,
        0.8711230976690426,
        0.8834521286842613,
        0.8821036409169717,
        0.87439799653246,
        0.8718936621074937,
        0.884607975341938,
        0.8867270275476786
    ],
    "val_loss": [
        0.8658504128456116,
        0.862580093741417,
        1.140396136045456,
        0.8278261393308639,
        0.8430376037955284,
        0.8548351196339354,
        0.8598824203014374,
        0.8456787742674351,
        0.8593588247895241,
        0.8288800328969955
    ],
    "val_acc": [
        0.8526863084922011,
        0.8665511265164645,
        0.8752166377816292,
        0.8752166377816292,
        0.8682842287694974,
        0.8717504332755632,
        0.8734835355285961,
        0.8734835355285961,
        0.8734835355285961,
        0.8734835355285961
    ]
}