{
    "train_loss": [
        0.5872624213012253,
        0.5609365990612565,
        0.543535202014737,
        0.5298260450363159,
        0.5268478130058545,
        0.5128699295767923,
        0.4943118006354425,
        0.49422999925729705,
        0.49290936694639487,
        0.47325696741662376
    ],
    "train_acc": [
        0.8840300520130996,
        0.8911577730687729,
        0.8873049508765171,
        0.8907724908495472,
        0.88268156424581,
        0.8867270275476786,
        0.9004045463301869,
        0.8932768252745136,
        0.889231361972645,
        0.8915430552879985
    ],
    "val_loss": [
        0.8817793533205986,
        0.9989449620246887,
        0.9174320310354233,
        0.9195299983024597,
        0.881633098423481,
        0.91941839158535,
        0.9238879062235356,
        0.946613359451294,
        1.1443661093711852,
        0.9430713713169098
    ],
    "val_acc": [
        0.8665511265164645,
        0.8682842287694974,
        0.8700173310225303,
        0.8682842287694974,
        0.854419410745234,
        0.8665511265164645,
        0.8630849220103987,
        0.8613518197573656,
        0.8596187175043327,
        0.8613518197573656
    ]
}