{
    "train_loss": [
        0.6683372310022029,
        0.6668368368977453,
        0.6359711343922266,
        0.6070510844995336,
        0.6293344330496904,
        0.5944673649784995,
        0.5868838425816559,
        0.5556010990971472,
        0.5719524792781691,
        0.5774511447766932
    ],
    "train_acc": [
        0.8784434598343287,
        0.8732421498747833,
        0.8786361009439414,
        0.8865343864380659,
        0.8767096898478135,
        0.8815257175881334,
        0.8807551531496821,
        0.8828742053554228,
        0.8851858986707763,
        0.8794066653823926
    ],
    "val_loss": [
        1.4944695055484771,
        1.1034211754798888,
        0.8675861477851867,
        0.8119670502841473,
        0.903834131360054,
        0.847211268544197,
        0.8717913396656514,
        0.8735823825001716,
        0.9037911295890808,
        0.8802032500505448
    ],
    "val_acc": [
        0.8613518197573656,
        0.8630849220103987,
        0.8596187175043327,
        0.8630849220103987,
        0.8648180242634316,
        0.8717504332755632,
        0.8682842287694974,
        0.8682842287694974,
        0.8682842287694974,
        0.8700173310225303
    ]
}