{
    "train_loss": [
        0.6420906399108149,
        0.5857182001592192,
        0.580553180143877,
        0.5552386753032544,
        0.5486715744975155,
        0.5452559240208081,
        0.5087021589279175,
        0.5032386285212874,
        0.49562458081479455,
        0.4849088613423833
    ],
    "train_acc": [
        0.7748025428626469,
        0.7803891350414178,
        0.7902138316316702,
        0.7680601040261992,
        0.7649778462723945,
        0.7707570795607783,
        0.7967636293585051,
        0.7825081872471585,
        0.7917549605085725,
        0.79502985937199
    ],
    "val_loss": [
        1.2398401655648883,
        1.3125926797327243,
        1.365554232346384,
        1.3849331407170546,
        1.363035195752194,
        1.3535898735648708,
        1.3365593474162252,
        1.3821159852178473,
        1.40917646904525,
        1.4202768488934165
    ],
    "val_acc": [
        0.7261698440207972,
        0.7504332755632582,
        0.733102253032929,
        0.729636048526863,
        0.7365684575389948,
        0.755632582322357,
        0.7538994800693241,
        0.75736568457539,
        0.7625649913344887,
        0.7590987868284229
    ]
}