{
    "train_loss": [
        0.6862068878813378,
        0.49455759512587183,
        0.43304602794031394
    ],
    "train_acc": [
        0.7678317535545024,
        0.833441943127962,
        0.8521030805687204
    ],
    "val_loss": [
        0.4555716581516347,
        0.371378068385993,
        0.35318882018327713
    ],
    "val_acc": [
        0.8435501066098081,
        0.8667377398720683,
        0.8707356076759062
    ]
}