{
    "train_loss": [
        1.5211021095697135,
        1.3800818967672945,
        1.3288296110059585
    ],
    "train_acc": [
        0.7085340011558466,
        0.6370641494895011,
        0.6580620304372953
    ],
    "val_loss": [
        1.3439190905345113,
        1.3662259861042625,
        1.2868490187745345
    ],
    "val_acc": [
        0.6481802426343154,
        0.6741767764298093,
        0.6897746967071057
    ]
}