{
    "train_loss": [
        0.4096220163921488,
        0.4028653369403652,
        0.37832591277018457,
        0.36887794980338473,
        0.3594035744799553,
        0.350484084149392,
        0.344496207850668,
        0.33232438759992944,
        0.33075250900272796,
        0.32741478172152544,
        0.311876021024915
    ],
    "train_acc": [
        0.7457569077328082,
        0.7514928407850523,
        0.7581276887186182,
        0.7635853862123579,
        0.7649979667401494,
        0.767887336001541,
        0.7792521884296814,
        0.7694925411467586,
        0.7779894270487768,
        0.7758063480512809,
        0.7802153115168119
    ],
    "val_macro_f1": [
        0.5520220432150971,
        0.5434641065761656,
        0.5680213354093592,
        0.5593322550321138,
        0.5665526448565519,
        0.5735651448328708,
        0.5636710557240897,
        0.5864707705043142,
        0.5657069229483659,
        0.56617796887805,
        0.5642009226218471
    ],
    "val_weighted_f1": [
        0.8341039145376425,
        0.8417359140219385,
        0.8492068864744717,
        0.8497757602560814,
        0.8440525822139444,
        0.8577725849073182,
        0.8434945779327333,
        0.8618234649839581,
        0.8520009988835633,
        0.8500664876341418,
        0.8482450890353926
    ]
}