{
    "train_loss": [
        1.5109276791293937,
        0.8878705047340278,
        0.7228797931807587,
        0.6135932466531374,
        0.5315110213067158,
        0.47274867696575373,
        0.4316646000258176,
        0.40445641639182367,
        0.3849519461124058,
        0.37824796983994635
    ],
    "train_acc": [
        0.40367837774109877,
        0.6356048101862768,
        0.7266210799339778,
        0.7757604338599386,
        0.8142890827634992,
        0.8377269511907569,
        0.8530535251120018,
        0.8623437868427257,
        0.869983494458854,
        0.8741806177788257
    ],
    "val_loss": [
        0.9262070108104397,
        0.6788281935292322,
        0.5447708118606258,
        0.45525714271777384,
        0.3986721256294766,
        0.3535678644438048,
        0.33008846801680486,
        0.30967704065748164,
        0.30058913979981394,
        0.29954611288534627
    ],
    "val_acc": [
        0.6028850233347476,
        0.7624098430207892,
        0.8196860415782775,
        0.8498090793381418,
        0.8710224862112855,
        0.8850233347475605,
        0.8922358930844294,
        0.8960543063215952,
        0.8973271107339839,
        0.8977513788714467
    ]
}